Id;Nom;CodiExpansio;Numero;IdRaresa;IdIllustrador;MarcaReglament;Etiquetes;ImatgeCarta;Text
sv1-169;Defiance Band;sv1;169;2;64;G;;https://images.pokemontcg.io/sv1/169_hires.png;If you have more Prize cards remaining than your opponent, the attacks of the Pokémon this card is attached to do 30 more damage to your opponent's Active Pokémon (before applying Weakness and Resistance). // Attach a Pokémon Tool to 1 of your Pokémon that doesn't already have a Pokémon Tool attached.
sv1-174;Exp. Share;sv1;174;2;227;G;;https://images.pokemontcg.io/sv1/174_hires.png;When your Active Pokémon is Knocked Out by damage from an attack from your opponent's Pokémon, you may move a Basic Energy from that Pokémon to the Pokémon this card is attached to. // Attach a Pokémon Tool to 1 of your Pokémon that doesn't already have a Pokémon Tool attached.
sv1-192;Rock Chestplate;sv1;192;2;227;G;;https://images.pokemontcg.io/sv1/192_hires.png;The Fighting Pokémon this card is attached to takes 30 less damage from attacks from your opponent's Pokémon (after applying Weakness and Resistance). // Attach a Pokémon Tool to 1 of your Pokémon that doesn't already have a Pokémon Tool attached.
sv1-193;Rocky Helmet;sv1;193;2;21;G;;https://images.pokemontcg.io/sv1/193_hires.png;If the Pokémon this card is attached to is in the Active Spot and is damaged by an attack from your opponent's Pokémon (even if it is Knocked Out), put 2 damage counters on the Attacking Pokémon. // Attach a Pokémon Tool to 1 of your Pokémon that doesn't already have a Pokémon Tool attached.
sv1-197;Vitality Band;sv1;197;2;200;G;;https://images.pokemontcg.io/sv1/197_hires.png;The attacks of the Pokémon this card is attached to do 10 more damage to your opponent's Active Pokémon (before applying Weakness and Resistance). // Attach a Pokémon Tool to 1 of your Pokémon that doesn't already have a Pokémon Tool attached.
sv2-173;Bravery Charm;sv2;173;2;227;G;;https://images.pokemontcg.io/sv2/173_hires.png;The Basic Pokémon this card is attached to gets +50 HP. // Attach a Pokémon Tool to 1 of your Pokémon that doesn't already have a Pokémon Tool attached.
sv2-176;Choice Belt;sv2;176;2;200;G;;https://images.pokemontcg.io/sv2/176_hires.png;The attacks of the Pokémon this card is attached to do 30 more damage to your opponent's Active Pokémon V (before applying Weakness and Resistance). // Attach a Pokémon Tool to 1 of your Pokémon that doesn't already have a Pokémon Tool attached.
sv3-191;Patrol Cap;sv3;191;2;227;G;;https://images.pokemontcg.io/sv3/191_hires.png;As long as the Pokémon this card is attached to is in the Active Spot, cards in your deck can't be discarded by effects of your opponent's attacks, Abilities, Item cards, Pokémon Tool cards, or Supporter cards. // You may attach any number of Pokémon Tools to your Pokémon during your turn. You may attach only 1 Pokémon Tool to each Pokémon, and it stays attached.
sv3-197;Vengeful Punch;sv3;197;2;21;G;;https://images.pokemontcg.io/sv3/197_hires.png;If the Pokémon this card is attached to is Knocked Out by damage from an attack from your opponent's Pokémon, put 4 damage counters on the Attacking Pokémon. // You may attach any number of Pokémon Tools to your Pokémon during your turn. You may attach only 1 Pokémon Tool to each Pokémon, and it stays attached.
sv3pt5-155;Big Air Balloon;sv3pt5;155;2;227;G;;https://images.pokemontcg.io/sv3pt5/155_hires.png;The Stage 2 Pokémon this card is attached to has no Retreat Cost. // You may attach any number of Pokémon Tools to your Pokémon during your turn. You may attach only 1 Pokémon Tool to each Pokémon, and it stays attached.
sv3pt5-163;Leftovers;sv3pt5;163;2;200;G;;https://images.pokemontcg.io/sv3pt5/163_hires.png;At the end of your turn, if the Pokémon this card is attached to is in the Active Spot, heal 20 damage from it. // You may attach any number of Pokémon Tools to your Pokémon during your turn. You may attach only 1 Pokémon Tool to each Pokémon, and it stays attached.
sv3pt5-164;Protective Goggles;sv3pt5;164;2;227;G;;https://images.pokemontcg.io/sv3pt5/164_hires.png;The Basic Pokémon this card is attached to has no Weakness. // You may attach any number of Pokémon Tools to your Pokémon during your turn. You may attach only 1 Pokémon Tool to each Pokémon, and it stays attached.
sv3pt5-165;Rigid Band;sv3pt5;165;2;227;G;;https://images.pokemontcg.io/sv3pt5/165_hires.png;The Stage 1 Pokémon this card is attached to takes 30 less damage from attacks from your opponent's Pokémon (after applying Weakness and Resistance). // You may attach any number of Pokémon Tools to your Pokémon during your turn. You may attach only 1 Pokémon Tool to each Pokémon, and it stays attached.
sv4-159;Ancient Booster Energy Capsule;sv4;159;2;2;G;ANCIENT;https://images.pokemontcg.io/sv4/159_hires.png;The Ancient Pokémon this card is attached to gets +60 HP, recovers from all Special Conditions, and can't be affected by any Special Conditions. // You may attach any number of Pokémon Tools to your Pokémon during your turn. You may attach only 1 Pokémon Tool to each Pokémon, and it stays attached.
sv4-161;Cursed Duster;sv4;161;2;23;G;;https://images.pokemontcg.io/sv4/161_hires.png;If the Pokémon this card is attached to is Knocked Out by damage from an attack from your opponent's Pokémon, discard a random card from your opponent's hand. // You may attach any number of Pokémon Tools to your Pokémon during your turn. You may attach only 1 Pokémon Tool to each Pokémon, and it stays attached.
sv4-162;Defiance Vest;sv4;162;2;21;G;;https://images.pokemontcg.io/sv4/162_hires.png;If you have more Prize cards remaining than your opponent, the Pokémon this card is attached to takes 40 less damage from attacks from your opponent's Pokémon (after applying Weakness and Resistance). // You may attach any number of Pokémon Tools to your Pokémon during your turn. You may attach only 1 Pokémon Tool to each Pokémon, and it stays attached.
sv4-164;Future Booster Energy Capsule;sv4;164;2;2;G;FUTURE;https://images.pokemontcg.io/sv4/164_hires.png;The Future Pokémon this card is attached to has no Retreat Cost, and the attacks it uses do 20 more damage to your opponent's Active Pokémon (before applying Weakness and Resistance). // You may attach any number of Pokémon Tools to your Pokémon during your turn. You may attach only 1 Pokémon Tool to each Pokémon, and it stays attached.
sv4-166;Luxurious Cape;sv4;166;2;227;G;;https://images.pokemontcg.io/sv4/166_hires.png;If the Pokémon this card is attached to doesn't have a Rule Box, it gets +100 HP, and if it is Knocked Out by damage from an attack from your opponent's Pokémon, that player takes 1 more Prize card. (Pokémon ex, Pokémon V, etc. have Rule Boxes.) // You may attach any number of Pokémon Tools to your Pokémon during your turn. You may attach only 1 Pokémon Tool to each Pokémon, and it stays attached.
sv4-176;Technical Machine: Blindside;sv4;176;2;200;G;;https://images.pokemontcg.io/sv4/176_hires.png;The Pokémon this card is attached to can use the attack on this card. (You still need the necessary Energy to use this attack.) If this card is attached to 1 of your Pokémon, discard it at the end of your turn. // You may attach any number of Pokémon Tools to your Pokémon during your turn. You may attach only 1 Pokémon Tool to each Pokémon, and it stays attached.
sv4-177;Technical Machine: Devolution;sv4;177;2;200;G;;https://images.pokemontcg.io/sv4/177_hires.png;The Pokémon this card is attached to can use the attack on this card. (You still need the necessary Energy to use this attack.) If this card is attached to 1 of your Pokémon, discard it at the end of your turn. // You may attach any number of Pokémon Tools to your Pokémon during your turn. You may attach only 1 Pokémon Tool to each Pokémon, and it stays attached.
sv4-178;Technical Machine: Evolution;sv4;178;2;200;G;;https://images.pokemontcg.io/sv4/178_hires.png;The Pokémon this card is attached to can use the attack on this card. (You still need the necessary Energy to use this attack.) If this card is attached to 1 of your Pokémon, discard it at the end of your turn. // You may attach any number of Pokémon Tools to your Pokémon during your turn. You may attach only 1 Pokémon Tool to each Pokémon, and it stays attached.
sv4-179;Technical Machine: Turbo Energize;sv4;179;2;200;G;;https://images.pokemontcg.io/sv4/179_hires.png;The Pokémon this card is attached to can use the attack on this card. (You still need the necessary Energy to use this attack.) If this card is attached to 1 of your Pokémon, discard it at the end of your turn. // You may attach any number of Pokémon Tools to your Pokémon during your turn. You may attach only 1 Pokémon Tool to each Pokémon, and it stays attached.
sv4-265;Luxurious Cape;sv4;265;8;227;G;;https://images.pokemontcg.io/sv4/265_hires.png;If the Pokémon this card is attached to doesn't have a Rule Box, it gets +100 HP, and if it is Knocked Out by damage from an attack from your opponent's Pokémon, that player takes 1 more Prize card. (Pokémon ex, Pokémon V, etc. have Rule Boxes.) // You may attach any number of Pokémon Tools to your Pokémon during your turn. You may attach only 1 Pokémon Tool to each Pokémon, and it stays attached.
sv4pt5-90;Technical Machine: Crisis Punch;sv4pt5;90;2;200;G;;https://images.pokemontcg.io/sv4pt5/90_hires.png;The Pokémon this card is attached to can use the attack on this card. (You still need the necessary Energy to use this attack.) If this card is attached to 1 of your Pokémon, discard it at the end of your turn. // You may attach any number of Pokémon Tools to your Pokémon during your turn. You may attach only 1 Pokémon Tool to each Pokémon, and it stays attached.
sv5-140;Ancient Booster Energy Capsule;sv5;140;2;2;H;ANCIENT;https://images.pokemontcg.io/sv5/140_hires.png;The Ancient Pokémon this card is attached to gets +60 HP, recovers from all Special Conditions, and can't be affected by any Special Conditions. // You may attach any number of Pokémon Tools to your Pokémon during your turn. You may attach only 1 Pokémon Tool to each Pokémon, and it stays attached.
sv5-149;Future Booster Energy Capsule;sv5;149;2;2;H;FUTURE;https://images.pokemontcg.io/sv5/149_hires.png;The Future Pokémon this card is attached to has no Retreat Cost, and the attacks it uses do 20 more damage to your opponent's Active Pokémon (before applying Weakness and Resistance). // You may attach any number of Pokémon Tools to your Pokémon during your turn. You may attach only 1 Pokémon Tool to each Pokémon, and it stays attached.
sv5-151;Heavy Baton;sv5;151;2;21;H;;https://images.pokemontcg.io/sv5/151_hires.png;If the Pokémon this card is attached to has a Retreat Cost of exactly 4, is in the Active Spot, and is Knocked Out by damage from an attack from your opponent's Pokémon, move up to 3 Basic Energy cards from that Pokémon to your Benched Pokémon in any way you like. // You may attach any number of Pokémon Tools to your Pokémon during your turn. You may attach only 1 Pokémon Tool to each Pokémon, and it stays attached.
sv5-152;Hero's Cape;sv5;152;11;227;H;ACE_SPEC;https://images.pokemontcg.io/sv5/152_hires.png;The Pokémon this card is attached to gets +100 HP. // You may attach any number of Pokémon Tools to your Pokémon during your turn. You may attach only 1 Pokémon Tool to each Pokémon, and it stays attached. // ACE SPEC: You can't have more than 1 ACE SPEC card in your deck.
sv5-154;Maximum Belt;sv5;154;11;64;H;ACE_SPEC;https://images.pokemontcg.io/sv5/154_hires.png;Attacks used by the Pokémon this card is attached to do 50 more damage to your opponent's Active Pokémon ex (before applying Weakness and Resistance). // You may attach any number of Pokémon Tools to your Pokémon during your turn. You may attach only 1 Pokémon Tool to each Pokémon, and it stays attached. // ACE SPEC: You can't have more than 1 ACE SPEC card in your deck.
sv5-159;Rescue Board;sv5;159;2;227;H;;https://images.pokemontcg.io/sv5/159_hires.png;The Retreat Cost of the Pokémon this card is attached to is Colorless less. If that Pokémon's remaining HP is 30 or less, it has no Retreat Cost. // You may attach any number of Pokémon Tools to your Pokémon during your turn. You may attach only 1 Pokémon Tool to each Pokémon, and it stays attached.
sv6-150;Handheld Fan;sv6;150;2;227;H;;https://images.pokemontcg.io/sv6/150_hires.png;If the Pokémon this card is attached to is in the Active Spot and is damaged by an attack from your opponent's Pokémon (even if this Pokémon is Knocked Out), move an Energy from the Attacking Pokémon to 1 of your opponent's Benched Pokémon. // You may attach any number of Pokémon Tools to your Pokémon during your turn. You may attach only 1 Pokémon Tool to each Pokémon, and it stays attached. // Attach a Pokémon Tool to 1 of your Pokémon that doesn't already have a Pokémon Tool attached.
sv6-158;Lucky Helmet;sv6;158;2;200;H;;https://images.pokemontcg.io/sv6/158_hires.png;If the Pokémon this card is attached to is in the Active Spot and is damaged by an attack from your opponent's Pokémon (even if this Pokémon is Knocked Out), draw 2 cards. // You may attach any number of Pokémon Tools to your Pokémon during your turn. You may attach only 1 Pokémon Tool to each Pokémon, and it stays attached. // Attach a Pokémon Tool to 1 of your Pokémon that doesn't already have a Pokémon Tool attached.
sv6-164;Survival Brace;sv6;164;11;64;H;ACE_SPEC;https://images.pokemontcg.io/sv6/164_hires.png;You can't have more than 1 ACE SPEC card in your deck. // If the Pokémon this card is attached to has full HP and would be Knocked Out by damage from an attack from your opponent's Pokémon, it is not Knocked Out, and its remaining HP becomes 10. Then, discard this card. // You may attach any number of Pokémon Tools to your Pokémon during your turn. You may attach only 1 Pokémon Tool to each Pokémon, and it stays attached. // Attach a Pokémon Tool to 1 of your Pokémon that doesn't already have a Pokémon Tool attached. // ACE SPEC: You can't have more than 1 ACE SPEC card in your deck.
sv6-225;Rescue Board;sv6;225;8;227;H;;https://images.pokemontcg.io/sv6/225_hires.png;The Retreat Cost of the Pokémon this card is attached to is Colorless less. If that Pokémon's remaining HP is 30 or less, it has no Retreat Cost. // You may attach any number of Pokémon Tools to your Pokémon during your turn. You may attach only 1 Pokémon Tool to each Pokémon, and it stays attached. // Attach a Pokémon Tool to 1 of your Pokémon that doesn't already have a Pokémon Tool attached.
sv6pt5-55;Binding Mochi;sv6pt5;55;2;2;H;;https://images.pokemontcg.io/sv6pt5/55_hires.png;Attacks used by the Poisoned Pokémon this card is attached to do 40 more damage to your opponent's Active Pokémon (before applying Weakness and Resistance). // You may attach any number of Pokémon Tools to your Pokémon during your turn. You may attach only 1 Pokémon Tool to each Pokémon, and it stays attached.
sv6pt5-63;Powerglass;sv6pt5;63;2;200;H;;https://images.pokemontcg.io/sv6pt5/63_hires.png;At the end of your turn (after your attack), if the Pokémon this card is attached to is in the Active Spot, you may attach a Basic Energy card from your discard pile to it. // You may attach any number of Pokémon Tools to your Pokémon during your turn. You may attach only 1 Pokémon Tool to each Pokémon, and it stays attached.
sv6pt5-97;Powerglass;sv6pt5;97;8;200;H;;https://images.pokemontcg.io/sv6pt5/97_hires.png;At the end of your turn (after your attack), if the Pokémon this card is attached to is in the Active Spot, you may attach a Basic Energy card from your discard pile to it. // You may attach any number of Pokémon Tools to your Pokémon during your turn. You may attach only 1 Pokémon Tool to each Pokémon, and it stays attached.
sv7-134;Deluxe Bomb;sv7;134;11;;H;ACE_SPEC;https://images.pokemontcg.io/sv7/134_hires.png;You can't have more than 1 ACE SPEC card in your deck. // If the Pokémon this card is attached to is in the Active Spot and is damaged by an attack from your opponent's Pokémon (even if this Pokémon is Knocked Out), put 12 damage counters on the Attacking Pokémon. If you placed any damage counters in this way, discard this card. // You may attach any number of Pokémon Tools to your Pokémon during your turn. You may attach only 1 Pokémon Tool to each Pokémon, and it stays attached.
sv7-137;Gravity Gemstone;sv7;137;2;;H;;https://images.pokemontcg.io/sv7/137_hires.png;As long as the Pokémon this card is attached to is in the Active Spot, the Retreat Cost of both Active Pokémon is Colorless more. // You may attach any number of Pokémon Tools to your Pokémon during your turn. You may attach only 1 Pokémon Tool to each Pokémon, and it stays attached.
sv7-140;Occa Berry;sv7;140;2;;H;;https://images.pokemontcg.io/sv7/140_hires.png;If the Pokémon this card is attached to is damaged by an attack from your opponent's Fire Pokémon, it takes 60 less damage (after applying Weakness and Resistance), and discard this card. // You may attach any number of Pokémon Tools to your Pokémon during your turn. You may attach only 1 Pokémon Tool to each Pokémon, and it stays attached.
sv7-141;Payapa Berry;sv7;141;2;;H;;https://images.pokemontcg.io/sv7/141_hires.png;If the Pokémon this card is attached to is damaged by an attack from your opponent's Psychic Pokémon, it takes 60 less damage (after applying Weakness and Resistance), and discard this card. // You may attach any number of Pokémon Tools to your Pokémon during your turn. You may attach only 1 Pokémon Tool to each Pokémon, and it stays attached.
sv7-142;Sparkling Crystal;sv7;142;11;;H;ACE_SPEC;https://images.pokemontcg.io/sv7/142_hires.png;You can't have more than 1 ACE SPEC card in your deck. // When the Tera Pokémon this card is attached to uses an attack, that attack costs 1 Energy less. (The Energy can be of any type.) // You may attach any number of Pokémon Tools to your Pokémon during your turn. You may attach only 1 Pokémon Tool to each Pokémon, and it stays attached.
sv7-175;Bravery Charm;sv7;175;8;;G;;https://images.pokemontcg.io/sv7/175_hires.png;The Basic Pokémon this card is attached to gets +50 HP. // You may attach any number of Pokémon Tools to your Pokémon during your turn. You may attach only 1 Pokémon Tool to each Pokémon, and it stays attached.
sv8-162;Amulet of Hope;sv8;162;11;;H;ACE_SPEC;https://images.pokemontcg.io/sv8/162_hires.png;If the Pokémon this card is attached to is Knocked Out by damage from an attack from your opponent's Pokémon, search your deck for up to 3 cards and put them into your hand. Then, shuffle your deck. // You may attach any number of Pokémon Tools to your Pokémon during your turn. You may attach only 1 Pokémon Tool to each Pokémon, and it stays attached. // Attach a Pokémon Tool to 1 of your Pokémon that doesn't already have a Pokémon Tool attached. // ACE SPEC: You can't have more than 1 ACE SPEC card in your deck.
sv8-163;Babiri Berry;sv8;163;2;;H;;https://images.pokemontcg.io/sv8/163_hires.png;If the Pokémon this card is attached to is damaged by an attack from your opponent's Metal Pokémon, it takes 60 less damage (after applying Weakness and Resistance), and discard this card. // You may attach any number of Pokémon Tools to your Pokémon during your turn. You may attach only 1 Pokémon Tool to each Pokémon, and it stays attached. // Attach a Pokémon Tool to 1 of your Pokémon that doesn't already have a Pokémon Tool attached.
sv8-168;Colbur Berry;sv8;168;2;;H;;https://images.pokemontcg.io/sv8/168_hires.png;If the Pokémon this card is attached to is damaged by an attack from your opponent's Darkness Pokémon, it takes 60 less damage (after applying Weakness and Resistance), and discard this card. // You may attach any number of Pokémon Tools to your Pokémon during your turn. You may attach only 1 Pokémon Tool to each Pokémon, and it stays attached. // Attach a Pokémon Tool to 1 of your Pokémon that doesn't already have a Pokémon Tool attached.
sv8-169;Counter Gain;sv8;169;2;;H;;https://images.pokemontcg.io/sv8/169_hires.png;If you have more Prize cards remaining than your opponent, attacks used by the Pokémon this card is attached to cost Colorless less. // You may attach any number of Pokémon Tools to your Pokémon during your turn. You may attach only 1 Pokémon Tool to each Pokémon, and it stays attached. // Attach a Pokémon Tool to 1 of your Pokémon that doesn't already have a Pokémon Tool attached.
sv8-184;Passho Berry;sv8;184;2;;H;;https://images.pokemontcg.io/sv8/184_hires.png;If the Pokémon this card is attached to is damaged by an attack from your opponent's Water Pokémon, it takes 60 less damage (after applying Weakness and Resistance), and discard this card. // You may attach any number of Pokémon Tools to your Pokémon during your turn. You may attach only 1 Pokémon Tool to each Pokémon, and it stays attached. // Attach a Pokémon Tool to 1 of your Pokémon that doesn't already have a Pokémon Tool attached.
sv8-188;Technical Machine: Fluorite;sv8;188;2;;H;;https://images.pokemontcg.io/sv8/188_hires.png;The Pokémon this card is attached to can use the attack on this card. (You still need the necessary Energy to use this attack.) If this card is attached to 1 of your Pokémon, discard it at the end of your turn. // You may attach any number of Pokémon Tools to your Pokémon during your turn. You may attach only 1 Pokémon Tool to each Pokémon, and it stays attached. // Attach a Pokémon Tool to 1 of your Pokémon that doesn't already have a Pokémon Tool attached.
sv8-249;Counter Gain;sv8;249;8;;H;;https://images.pokemontcg.io/sv8/249_hires.png;If you have more Prize cards remaining than your opponent, attacks used by the Pokémon this card is attached to cost Colorless less. // You may attach any number of Pokémon Tools to your Pokémon during your turn. You may attach only 1 Pokémon Tool to each Pokémon, and it stays attached. // Attach a Pokémon Tool to 1 of your Pokémon that doesn't already have a Pokémon Tool attached.
sv8pt5-95;Binding Mochi;sv8pt5;95;2;;H;;https://images.pokemontcg.io/sv8pt5/95_hires.png;Attacks used by the Poisoned Pokémon this card is attached to do 40 more damage to your opponent's Active Pokémon (before applying Weakness and Resistance). // You may attach any number of Pokémon Tools to your Pokémon during your turn. You may attach only 1 Pokémon Tool to each Pokémon, and it stays attached.
sv8pt5-111;Haban Berry;sv8pt5;111;1;;H;;https://images.pokemontcg.io/sv8pt5/111_hires.png;If the Pokémon this card is attached to is damaged by an attack from your opponent's Dragon Pokémon, it takes 60 less damage (after applying Weakness and Resistance), and discard this card. // You may attach any number of Pokémon Tools to your Pokémon during your turn. You may attach only 1 Pokémon Tool to each Pokémon, and it stays attached.
sv8pt5-117;Maximum Belt;sv8pt5;117;11;;H;ACE_SPEC;https://images.pokemontcg.io/sv8pt5/117_hires.png;You can't have more than 1 ACE SPEC card in your deck. // Attacks used by the Pokémon this card is attached to do 50 more damage to your opponent's Active Pokémon ex (before applying Weakness and Resistance). // You may attach any number of Pokémon Tools to your Pokémon during your turn. You may attach only 1 Pokémon Tool to each Pokémon, and it stays attached.
sv8pt5-126;Rescue Board;sv8pt5;126;2;;H;;https://images.pokemontcg.io/sv8pt5/126_hires.png;The Retreat Cost of the Pokémon this card is attached to is Colorless less. If that Pokémon's remaining HP is 30 or less, it has no Retreat Cost. // You may attach any number of Pokémon Tools to your Pokémon during your turn. You may attach only 1 Pokémon Tool to each Pokémon, and it stays attached.
sv8pt5-129;Sparkling Crystal;sv8pt5;129;11;;H;ACE_SPEC;https://images.pokemontcg.io/sv8pt5/129_hires.png;You can't have more than 1 ACE SPEC card in your deck. // When the Tera Pokémon this card is attached to uses an attack, that attack costs 1 Energy less. (The Energy can be of any type.) // You may attach any number of Pokémon Tools to your Pokémon during your turn. You may attach only 1 Pokémon Tool to each Pokémon, and it stays attached.
sv9-148;Hop's Choice Band;sv9;148;2;;I;;https://images.pokemontcg.io/sv9/148_hires.png;Attacks used by the Hop's Pokémon this card is attached to cost Colorless less and do 30 more damage to your opponent's Active Pokémon (before applying Weakness and Resistance). // You may attach any number of Pokémon Tools to your Pokémon during your turn. You may attach only 1 Pokémon Tool to each Pokémon, and it stays attached.
sv9-151;Lillie's Pearl;sv9;151;2;;I;;https://images.pokemontcg.io/sv9/151_hires.png;If the Lillie's Pokémon this card is attached to is Knocked Out by damage from an attack from your opponent's Pokémon, that player takes 1 fewer Prize card. // You may attach any number of Pokémon Tools to your Pokémon during your turn. You may attach only 1 Pokémon Tool to each Pokémon, and it stays attached.
sv10-162;Cynthia's Power Weight;sv10;162;2;;I;;https://images.pokemontcg.io/sv10/162_hires.png;The Cynthia's Pokémon this card is attached to gets +70 HP. // You may attach any number of Pokémon Tools to your Pokémon during your turn. You may attach only 1 Pokémon Tool to each Pokémon, and it stays attached.
zsv10pt5-79;Air Balloon;zsv10pt5;79;2;200;I;;https://images.pokemontcg.io/zsv10pt5/79_hires.png;The Retreat Cost of the Pokémon this card is attached to is ColorlessColorless less. // You may attach any number of Pokémon Tools to your Pokémon during your turn. You may attach only 1 Pokémon Tool to each Pokémon, and it stays attached. // Attach a Pokémon Tool to 1 of your Pokémon that doesn't already have a Pokémon Tool attached.
rsv10pt5-80;Brave Bangle;rsv10pt5;80;2;227;I;;https://images.pokemontcg.io/rsv10pt5/80_hires.png;If the Pokémon this card is attached to doesn't have a Rule Box, the attacks it uses do 30 more damage to your opponent's Active Pokémon ex (before applying Weakness and Resistance). (Pokémon ex, Pokémon V, etc. have Rule Boxes.) // You may attach any number of Pokémon Tools to your Pokémon during your turn. You may attach only 1 Pokémon Tool to each Pokémon, and it stays attached. // Attach a Pokémon Tool to 1 of your Pokémon that doesn't already have a Pokémon Tool attached.
me1-166;Air Balloon;me1;166;6;;I;;https://images.pokemontcg.io/me1/166_hires.png;The Retreat Cost of the Pokémon this card is attached to is ColorlessColorless less. // You may attach any number of Pokémon Tools to your Pokémon during your turn. You may attach only 1 Pokémon Tool to each Pokémon, and it stays attached.
me2-92;Punk Helmet;me2;92;2;200;I;;https://images.pokemontcg.io/me2/92_hires.png;If the Darkness Pokémon this card is attached to is in the Active Spot and is damaged by an attack from your opponent's Pokémon (even if this Pokémon is Knocked Out), place 4 damage counters on the Attacking Pokémon. // You may attach any number of Pokémon Tools to your Pokémon during your turn. You may attach only 1 Pokémon Tool to each Pokémon, and it stays attached.
me2-93;Sacred Charm;me2;93;2;227;I;;https://images.pokemontcg.io/me2/93_hires.png;The Pokémon this card is attached to takes 30 less damage from attacks from your opponent's Pokémon that have an Ability (after applying Weakness and Resistance). // You may attach any number of Pokémon Tools to your Pokémon during your turn. You may attach only 1 Pokémon Tool to each Pokémon, and it stays attached.
me2-121;Punk Helmet;me2;121;6;200;I;;https://images.pokemontcg.io/me2/121_hires.png;If the Darkness Pokémon this card is attached to is in the Active Spot and is damaged by an attack from your opponent's Pokémon (even if this Pokémon is Knocked Out), place 4 damage counters on the Attacking Pokémon. // You may attach any number of Pokémon Tools to your Pokémon during your turn. You may attach only 1 Pokémon Tool to each Pokémon, and it stays attached.
me2-122;Sacred Charm;me2;122;6;227;I;;https://images.pokemontcg.io/me2/122_hires.png;The Pokémon this card is attached to takes 30 less damage from attacks from your opponent's Pokémon that have an Ability (after applying Weakness and Resistance). // You may attach any number of Pokémon Tools to your Pokémon during your turn. You may attach only 1 Pokémon Tool to each Pokémon, and it stays attached.
me2pt5-181;Air Balloon;me2pt5;181;2;200;I;;https://images.scrydex.com/pokemon/me2pt5-181/large;The Retreat Cost of the Pokémon this card is attached to is ColorlessColorless less. // You may attach any number of Pokémon Tools to your Pokémon during your turn. You may attach only 1 Pokémon Tool to each Pokémon, and it stays attached.
me2pt5-186;Counter Gain;me2pt5;186;1;227;H;;https://images.scrydex.com/pokemon/me2pt5-186/large;If you have more Prize cards remaining than your opponent, attacks used by the Pokémon this card is attached to cost Colorless less. // You may attach any number of Pokémon Tools to your Pokémon during your turn. You may attach only 1 Pokémon Tool to each Pokémon, and it stays attached.
me2pt5-191;Light Ball;me2pt5;191;2;200;I;;https://images.scrydex.com/pokemon/me2pt5-191/large;Attacks used by the Pikachu ex this card is attached to do 50 more damage to your opponent's Active Pokémon ex (before applying Weakness and Resistance). // You may attach any number of Pokémon Tools to your Pokémon during your turn. You may attach only 1 Pokémon Tool to each Pokémon, and it stays attached.
me2pt5-206;Team Rocket's Hypnotizer;me2pt5;206;2;227;I;;https://images.scrydex.com/pokemon/me2pt5-206/large;If the Team Rocket's Pokémon this card is attached to is in the Active Spot and is damaged by an attack from your opponent's Pokémon (even if this Team Rocket's Pokémon is Knocked Out), the Attacking Pokémon is now Asleep. // You may attach any number of Pokémon Tools to your Pokémon during your turn. You may attach only 1 Pokémon Tool to each Pokémon, and it stays attached.
me2pt5-211;Thick Scale;me2pt5;211;2;227;I;;https://images.scrydex.com/pokemon/me2pt5-211/large;The Dragon Pokémon this card is attached to takes 50 less damage from attacks from your opponent's Grass, Fire, Water, or Lightning Pokémon (after applying Weakness and Resistance). // You may attach any number of Pokémon Tools to your Pokémon during your turn. You may attach only 1 Pokémon Tool to each Pokémon, and it stays attached.
me2pt5-259;Counter Gain;me2pt5;259;6;227;H;;https://images.scrydex.com/pokemon/me2pt5-259/large;If you have more Prize cards remaining than your opponent, attacks used by the Pokémon this card is attached to cost Colorless less. // You may attach any number of Pokémon Tools to your Pokémon during your turn. You may attach only 1 Pokémon Tool to each Pokémon, and it stays attached.
me3-70;Core Memory;me3;70;2;;J;;https://images.scrydex.com/pokemon/me3-70/large;The Mega Zygarde ex this card is attached to can use the attack on this card. (You still need the necessary Energy to use this attack.) // You may attach any number of Pokémon Tools to your Pokémon during your turn. You may attach only 1 Pokémon Tool to each Pokémon, and it stays attached.
me4-74;Adversity Policy;me4;74;2;21;I;;https://images.scrydex.com/pokemon/me4-74/large;If the Pokémon this card is attached to has Weakness to your opponent's Active Pokémon's type, is in the Active Spot, and is damaged by an attack from your opponent's Pokémon (even if this Pokémon is Knocked Out), draw 3 cards.
me5-74;Backtrack Badge;me5;74;2;227;J;;https://images.scrydex.com/pokemon/me5-74/large;Once during your turn, after you flip any coins for an attack of the Colorless Pokémon this card is attached to, you may ignore all results of those coin flips and begin flipping those coins again.
me5-82;Tremendous Bomb;me5;82;2;64;J;;https://images.scrydex.com/pokemon/me5-82/large;If the Pokémon this card is attached to isn't a Mega Evolution Pokémon ex, is in the Active Spot, and takes 240 or more damage from an attack from your opponent's Mega Evolution Pokémon ex (even if this Pokémon is Knocked Out), place 12 damage counters on the Attacking Pokémon. If you placed any damage counters in this way, discard this card.
me5-104;Brave Bangle;me5;104;6;227;I;;https://images.scrydex.com/pokemon/me5-104/large;If the Pokémon this card is attached to doesn't have a Rule Box, the attacks it uses do 30 more damage to your opponent's Active Pokémon ex (before applying Weakness and Resistance). (Pokémon ex, Pokémon V_atk, etc. have Rule Boxes.)
me5-113;Tremendous Bomb;me5;113;6;64;J;;https://images.scrydex.com/pokemon/me5-113/large;If the Pokémon this card is attached to isn't a Mega Evolution Pokémon ex, is in the Active Spot, and takes 240 or more damage from an attack from your opponent's Mega Evolution Pokémon ex (even if this Pokémon is Knocked Out), place 12 damage counters on the Attacking Pokémon. If you placed any damage counters in this way, discard this card.
