Codi;Nom;Serie;DataPublicacio;TotalCartes;Logo;Simbol
svp;Scarlet & Violet Black Star Promos;Scarlet & Violet;2023-01-01;75;https://images.pokemontcg.io/svp/logo.png;org.example.data_class.Expansio$$Lambda/0x000001ef3200ebc0@7960847b
sv1;Scarlet & Violet;Scarlet & Violet;2023-03-31;258;https://images.pokemontcg.io/sv1/logo.png;org.example.data_class.Expansio$$Lambda/0x000001ef3200ebc0@6a6824be
sve;Scarlet & Violet Energies;Scarlet & Violet;2023-03-31;8;https://images.pokemontcg.io/sve/logo.png;org.example.data_class.Expansio$$Lambda/0x000001ef3200ebc0@5c8da962
sv2;Paldea Evolved;Scarlet & Violet;2023-06-09;279;https://images.pokemontcg.io/sv2/logo.png;org.example.data_class.Expansio$$Lambda/0x000001ef3200ebc0@512ddf17
sv3;Obsidian Flames;Scarlet & Violet;2023-08-11;230;https://images.pokemontcg.io/sv3/logo.png;org.example.data_class.Expansio$$Lambda/0x000001ef3200ebc0@2c13da15
sv3pt5;151;Scarlet & Violet;2023-09-22;207;https://images.pokemontcg.io/sv3pt5/logo.png;org.example.data_class.Expansio$$Lambda/0x000001ef3200ebc0@77556fd
sv4;Paradox Rift;Scarlet & Violet;2023-11-03;266;https://images.pokemontcg.io/sv4/logo.png;org.example.data_class.Expansio$$Lambda/0x000001ef3200ebc0@368239c8
sv4pt5;Paldean Fates;Scarlet & Violet;2024-01-26;245;https://images.pokemontcg.io/sv4pt5/logo.png;org.example.data_class.Expansio$$Lambda/0x000001ef3200ebc0@9e89d68
sv5;Temporal Forces;Scarlet & Violet;2024-03-22;218;https://images.pokemontcg.io/sv5/logo.png;org.example.data_class.Expansio$$Lambda/0x000001ef3200ebc0@3b192d32
sv6;Twilight Masquerade;Scarlet & Violet;2024-05-24;226;https://images.pokemontcg.io/sv6/logo.png;org.example.data_class.Expansio$$Lambda/0x000001ef3200ebc0@16f65612
sv6pt5;Shrouded Fable;Scarlet & Violet;2024-08-02;99;https://images.pokemontcg.io/sv6pt5/logo.png;org.example.data_class.Expansio$$Lambda/0x000001ef3200ebc0@311d617d
sv7;Stellar Crown;Scarlet & Violet;2024-09-13;175;https://images.pokemontcg.io/sv7/logo.png;org.example.data_class.Expansio$$Lambda/0x000001ef3200ebc0@7c53a9eb
sv8;Surging Sparks;Scarlet & Violet;2024-11-08;252;https://images.pokemontcg.io/sv8/logo.png;org.example.data_class.Expansio$$Lambda/0x000001ef3200ebc0@ed17bee
sv8pt5;Prismatic Evolutions;Scarlet & Violet;2025-01-17;180;https://images.pokemontcg.io/sv8pt5/logo.png;org.example.data_class.Expansio$$Lambda/0x000001ef3200ebc0@2a33fae0
sv9;Journey Together;Scarlet & Violet;2025-03-28;190;https://images.pokemontcg.io/sv9/logo.png;org.example.data_class.Expansio$$Lambda/0x000001ef3200ebc0@707f7052
sv10;Destined Rivals;Scarlet & Violet;2025-05-30;244;https://images.pokemontcg.io/sv10/logo.png;org.example.data_class.Expansio$$Lambda/0x000001ef3200ebc0@11028347
rsv10pt5;White Flare;Scarlet & Violet;2025-07-18;173;https://images.pokemontcg.io/rsv10pt5/logo.png;org.example.data_class.Expansio$$Lambda/0x000001ef3200ebc0@14899482
zsv10pt5;Black Bolt;Scarlet & Violet;2025-07-18;172;https://images.pokemontcg.io/zsv10pt5/logo.png;org.example.data_class.Expansio$$Lambda/0x000001ef3200ebc0@21588809
me1;Mega Evolution;Mega Evolution;2025-09-26;188;https://images.pokemontcg.io/me1/logo.png;org.example.data_class.Expansio$$Lambda/0x000001ef3200ebc0@2aae9190
me2;Phantasmal Flames;Mega Evolution;2025-11-14;130;https://images.pokemontcg.io/me2/logo.png;org.example.data_class.Expansio$$Lambda/0x000001ef3200ebc0@2f333739
me2pt5;Ascended Heroes;Mega Evolution;2026-01-30;295;https://images.scrydex.com/pokemon/me2pt5-logo/logo;org.example.data_class.Expansio$$Lambda/0x000001ef3200ebc0@77468bd9
me3;Perfect Order;Mega Evolution;2026-03-27;124;https://images.scrydex.com/pokemon/me3-logo/logo;org.example.data_class.Expansio$$Lambda/0x000001ef3200ebc0@12bb4df8
me4;Chaos Rising;Mega Evolution;2026-05-22;122;https://images.scrydex.com/pokemon/me4-logo/logo;org.example.data_class.Expansio$$Lambda/0x000001ef3200ebc0@4cc77c2e
me5;Pitch Black;Mega Evolution;2026-07-17;120;https://images.scrydex.com/pokemon/me5-logo/logo;org.example.data_class.Expansio$$Lambda/0x000001ef3200ebc0@7a7b0070
me55;30th Celebration;Mega Evolution;2026-09-16;161;https://images.scrydex.com/pokemon/me55-logo/logo;org.example.data_class.Expansio$$Lambda/0x000001ef3200ebc0@39a054a5
