Id;Nom
1;org.example.data_class.Illustrador$$Lambda/0x000001ef3200e508@6576fe71
2;org.example.data_class.Illustrador$$Lambda/0x000001ef3200e508@76fb509a
3;org.example.data_class.Illustrador$$Lambda/0x000001ef3200e508@300ffa5d
4;org.example.data_class.Illustrador$$Lambda/0x000001ef3200e508@1f17ae12
5;org.example.data_class.Illustrador$$Lambda/0x000001ef3200e508@4d405ef7
6;org.example.data_class.Illustrador$$Lambda/0x000001ef3200e508@6193b845
7;org.example.data_class.Illustrador$$Lambda/0x000001ef3200e508@2e817b38
8;org.example.data_class.Illustrador$$Lambda/0x000001ef3200e508@c4437c4
9;org.example.data_class.Illustrador$$Lambda/0x000001ef3200e508@433c675d
10;org.example.data_class.Illustrador$$Lambda/0x000001ef3200e508@3f91beef
11;org.example.data_class.Illustrador$$Lambda/0x000001ef3200e508@1a6c5a9e
12;org.example.data_class.Illustrador$$Lambda/0x000001ef3200e508@37bba400
13;org.example.data_class.Illustrador$$Lambda/0x000001ef3200e508@179d3b25
14;org.example.data_class.Illustrador$$Lambda/0x000001ef3200e508@254989ff
15;org.example.data_class.Illustrador$$Lambda/0x000001ef3200e508@5d099f62
16;org.example.data_class.Illustrador$$Lambda/0x000001ef3200e508@37f8bb67
17;org.example.data_class.Illustrador$$Lambda/0x000001ef3200e508@49c2faae
18;org.example.data_class.Illustrador$$Lambda/0x000001ef3200e508@20ad9418
19;org.example.data_class.Illustrador$$Lambda/0x000001ef3200e508@31cefde0
20;org.example.data_class.Illustrador$$Lambda/0x000001ef3200e508@439f5b3d
21;org.example.data_class.Illustrador$$Lambda/0x000001ef3200e508@1d56ce6a
22;org.example.data_class.Illustrador$$Lambda/0x000001ef3200e508@5197848c
23;org.example.data_class.Illustrador$$Lambda/0x000001ef3200e508@17f052a3
24;org.example.data_class.Illustrador$$Lambda/0x000001ef3200e508@2e0fa5d3
25;org.example.data_class.Illustrador$$Lambda/0x000001ef3200e508@5010be6
26;org.example.data_class.Illustrador$$Lambda/0x000001ef3200e508@685f4c2e
27;org.example.data_class.Illustrador$$Lambda/0x000001ef3200e508@7daf6ecc
28;org.example.data_class.Illustrador$$Lambda/0x000001ef3200e508@2e5d6d97
29;org.example.data_class.Illustrador$$Lambda/0x000001ef3200e508@238e0d81
30;org.example.data_class.Illustrador$$Lambda/0x000001ef3200e508@31221be2
31;org.example.data_class.Illustrador$$Lambda/0x000001ef3200e508@377dca04
32;org.example.data_class.Illustrador$$Lambda/0x000001ef3200e508@728938a9
33;org.example.data_class.Illustrador$$Lambda/0x000001ef3200e508@21b8d17c
34;org.example.data_class.Illustrador$$Lambda/0x000001ef3200e508@6433a2
35;org.example.data_class.Illustrador$$Lambda/0x000001ef3200e508@5910e440
36;org.example.data_class.Illustrador$$Lambda/0x000001ef3200e508@6267c3bb
37;org.example.data_class.Illustrador$$Lambda/0x000001ef3200e508@533ddba
38;org.example.data_class.Illustrador$$Lambda/0x000001ef3200e508@246b179d
39;org.example.data_class.Illustrador$$Lambda/0x000001ef3200e508@7a07c5b4
40;org.example.data_class.Illustrador$$Lambda/0x000001ef3200e508@26a1ab54
41;org.example.data_class.Illustrador$$Lambda/0x000001ef3200e508@3d646c37
42;org.example.data_class.Illustrador$$Lambda/0x000001ef3200e508@41cf53f9
43;org.example.data_class.Illustrador$$Lambda/0x000001ef3200e508@5a10411
44;org.example.data_class.Illustrador$$Lambda/0x000001ef3200e508@2ef1e4fa
45;org.example.data_class.Illustrador$$Lambda/0x000001ef3200e508@306a30c7
46;org.example.data_class.Illustrador$$Lambda/0x000001ef3200e508@b81eda8
47;org.example.data_class.Illustrador$$Lambda/0x000001ef3200e508@68de145
48;org.example.data_class.Illustrador$$Lambda/0x000001ef3200e508@27fa135a
49;org.example.data_class.Illustrador$$Lambda/0x000001ef3200e508@46f7f36a
50;org.example.data_class.Illustrador$$Lambda/0x000001ef3200e508@421faab1
51;org.example.data_class.Illustrador$$Lambda/0x000001ef3200e508@2b71fc7e
52;org.example.data_class.Illustrador$$Lambda/0x000001ef3200e508@5ce65a89
53;org.example.data_class.Illustrador$$Lambda/0x000001ef3200e508@25f38edc
54;org.example.data_class.Illustrador$$Lambda/0x000001ef3200e508@1a86f2f1
55;org.example.data_class.Illustrador$$Lambda/0x000001ef3200e508@3eb07fd3
56;org.example.data_class.Illustrador$$Lambda/0x000001ef3200e508@506c589e
57;org.example.data_class.Illustrador$$Lambda/0x000001ef3200e508@69d0a921
58;org.example.data_class.Illustrador$$Lambda/0x000001ef3200e508@446cdf90
59;org.example.data_class.Illustrador$$Lambda/0x000001ef3200e508@799f7e29
60;org.example.data_class.Illustrador$$Lambda/0x000001ef3200e508@4b85612c
61;org.example.data_class.Illustrador$$Lambda/0x000001ef3200e508@277050dc
62;org.example.data_class.Illustrador$$Lambda/0x000001ef3200e508@5c29bfd
63;org.example.data_class.Illustrador$$Lambda/0x000001ef3200e508@7aec35a
64;org.example.data_class.Illustrador$$Lambda/0x000001ef3200e508@67424e82
65;org.example.data_class.Illustrador$$Lambda/0x000001ef3200e508@42110406
66;org.example.data_class.Illustrador$$Lambda/0x000001ef3200e508@531d72ca
67;org.example.data_class.Illustrador$$Lambda/0x000001ef3200e508@22d8cfe0
68;org.example.data_class.Illustrador$$Lambda/0x000001ef3200e508@579bb367
69;org.example.data_class.Illustrador$$Lambda/0x000001ef3200e508@1de0aca6
70;org.example.data_class.Illustrador$$Lambda/0x000001ef3200e508@255316f2
71;org.example.data_class.Illustrador$$Lambda/0x000001ef3200e508@41906a77
72;org.example.data_class.Illustrador$$Lambda/0x000001ef3200e508@4b9af9a9
73;org.example.data_class.Illustrador$$Lambda/0x000001ef3200e508@5387f9e0
74;org.example.data_class.Illustrador$$Lambda/0x000001ef3200e508@6e5e91e4
75;org.example.data_class.Illustrador$$Lambda/0x000001ef3200e508@2cdf8d8a
76;org.example.data_class.Illustrador$$Lambda/0x000001ef3200e508@30946e09
77;org.example.data_class.Illustrador$$Lambda/0x000001ef3200e508@5cb0d902
78;org.example.data_class.Illustrador$$Lambda/0x000001ef3200e508@46fbb2c1
79;org.example.data_class.Illustrador$$Lambda/0x000001ef3200e508@1698c449
80;org.example.data_class.Illustrador$$Lambda/0x000001ef3200e508@5ef04b5
81;org.example.data_class.Illustrador$$Lambda/0x000001ef3200e508@5f4da5c3
82;org.example.data_class.Illustrador$$Lambda/0x000001ef3200e508@443b7951
83;org.example.data_class.Illustrador$$Lambda/0x000001ef3200e508@14514713
84;org.example.data_class.Illustrador$$Lambda/0x000001ef3200e508@69663380
85;org.example.data_class.Illustrador$$Lambda/0x000001ef3200e508@5b37e0d2
86;org.example.data_class.Illustrador$$Lambda/0x000001ef3200e508@4459eb14
87;org.example.data_class.Illustrador$$Lambda/0x000001ef3200e508@5a2e4553
88;org.example.data_class.Illustrador$$Lambda/0x000001ef3200e508@28c97a5
89;org.example.data_class.Illustrador$$Lambda/0x000001ef3200e508@6659c656
90;org.example.data_class.Illustrador$$Lambda/0x000001ef3200e508@6d5380c2
91;org.example.data_class.Illustrador$$Lambda/0x000001ef3200e508@45ff54e6
92;org.example.data_class.Illustrador$$Lambda/0x000001ef3200e508@2328c243
93;org.example.data_class.Illustrador$$Lambda/0x000001ef3200e508@bebdb06
94;org.example.data_class.Illustrador$$Lambda/0x000001ef3200e508@7a4f0f29
95;org.example.data_class.Illustrador$$Lambda/0x000001ef3200e508@45283ce2
96;org.example.data_class.Illustrador$$Lambda/0x000001ef3200e508@2077d4de
97;org.example.data_class.Illustrador$$Lambda/0x000001ef3200e508@7591083d
98;org.example.data_class.Illustrador$$Lambda/0x000001ef3200e508@77a567e1
99;org.example.data_class.Illustrador$$Lambda/0x000001ef3200e508@736e9adb
100;org.example.data_class.Illustrador$$Lambda/0x000001ef3200e508@6d21714c
101;org.example.data_class.Illustrador$$Lambda/0x000001ef3200e508@108c4c35
102;org.example.data_class.Illustrador$$Lambda/0x000001ef3200e508@4ccabbaa
103;org.example.data_class.Illustrador$$Lambda/0x000001ef3200e508@4bf558aa
104;org.example.data_class.Illustrador$$Lambda/0x000001ef3200e508@2d38eb89
105;org.example.data_class.Illustrador$$Lambda/0x000001ef3200e508@5fa7e7ff
106;org.example.data_class.Illustrador$$Lambda/0x000001ef3200e508@4629104a
107;org.example.data_class.Illustrador$$Lambda/0x000001ef3200e508@27f8302d
108;org.example.data_class.Illustrador$$Lambda/0x000001ef3200e508@4d76f3f8
109;org.example.data_class.Illustrador$$Lambda/0x000001ef3200e508@2d8e6db6
110;org.example.data_class.Illustrador$$Lambda/0x000001ef3200e508@23ab930d
111;org.example.data_class.Illustrador$$Lambda/0x000001ef3200e508@4534b60d
112;org.example.data_class.Illustrador$$Lambda/0x000001ef3200e508@3fa77460
113;org.example.data_class.Illustrador$$Lambda/0x000001ef3200e508@619a5dff
114;org.example.data_class.Illustrador$$Lambda/0x000001ef3200e508@1ed6993a
115;org.example.data_class.Illustrador$$Lambda/0x000001ef3200e508@7e32c033
116;org.example.data_class.Illustrador$$Lambda/0x000001ef3200e508@7ab2bfe1
117;org.example.data_class.Illustrador$$Lambda/0x000001ef3200e508@497470ed
118;org.example.data_class.Illustrador$$Lambda/0x000001ef3200e508@63c12fb0
119;org.example.data_class.Illustrador$$Lambda/0x000001ef3200e508@b1a58a3
120;org.example.data_class.Illustrador$$Lambda/0x000001ef3200e508@6438a396
121;org.example.data_class.Illustrador$$Lambda/0x000001ef3200e508@e2144e4
122;org.example.data_class.Illustrador$$Lambda/0x000001ef3200e508@6477463f
123;org.example.data_class.Illustrador$$Lambda/0x000001ef3200e508@3d71d552
124;org.example.data_class.Illustrador$$Lambda/0x000001ef3200e508@1cf4f579
125;org.example.data_class.Illustrador$$Lambda/0x000001ef3200e508@18769467
126;org.example.data_class.Illustrador$$Lambda/0x000001ef3200e508@46ee7fe8
127;org.example.data_class.Illustrador$$Lambda/0x000001ef3200e508@7506e922
128;org.example.data_class.Illustrador$$Lambda/0x000001ef3200e508@4ee285c6
129;org.example.data_class.Illustrador$$Lambda/0x000001ef3200e508@621be5d1
130;org.example.data_class.Illustrador$$Lambda/0x000001ef3200e508@573fd745
131;org.example.data_class.Illustrador$$Lambda/0x000001ef3200e508@15327b79
132;org.example.data_class.Illustrador$$Lambda/0x000001ef3200e508@4f2410ac
133;org.example.data_class.Illustrador$$Lambda/0x000001ef3200e508@722c41f4
134;org.example.data_class.Illustrador$$Lambda/0x000001ef3200e508@5b80350b
135;org.example.data_class.Illustrador$$Lambda/0x000001ef3200e508@5d6f64b1
136;org.example.data_class.Illustrador$$Lambda/0x000001ef3200e508@32a1bec0
137;org.example.data_class.Illustrador$$Lambda/0x000001ef3200e508@22927a81
138;org.example.data_class.Illustrador$$Lambda/0x000001ef3200e508@78e03bb5
139;org.example.data_class.Illustrador$$Lambda/0x000001ef3200e508@5e8c92f4
140;org.example.data_class.Illustrador$$Lambda/0x000001ef3200e508@61e4705b
141;org.example.data_class.Illustrador$$Lambda/0x000001ef3200e508@50134894
142;org.example.data_class.Illustrador$$Lambda/0x000001ef3200e508@2957fcb0
143;org.example.data_class.Illustrador$$Lambda/0x000001ef3200e508@1376c05c
144;org.example.data_class.Illustrador$$Lambda/0x000001ef3200e508@51521cc1
145;org.example.data_class.Illustrador$$Lambda/0x000001ef3200e508@1b4fb997
146;org.example.data_class.Illustrador$$Lambda/0x000001ef3200e508@deb6432
147;org.example.data_class.Illustrador$$Lambda/0x000001ef3200e508@28ba21f3
148;org.example.data_class.Illustrador$$Lambda/0x000001ef3200e508@694f9431
149;org.example.data_class.Illustrador$$Lambda/0x000001ef3200e508@f2a0b8e
150;org.example.data_class.Illustrador$$Lambda/0x000001ef3200e508@593634ad
151;org.example.data_class.Illustrador$$Lambda/0x000001ef3200e508@20fa23c1
152;org.example.data_class.Illustrador$$Lambda/0x000001ef3200e508@3581c5f3
153;org.example.data_class.Illustrador$$Lambda/0x000001ef3200e508@6aa8ceb6
154;org.example.data_class.Illustrador$$Lambda/0x000001ef3200e508@2530c12
155;org.example.data_class.Illustrador$$Lambda/0x000001ef3200e508@73c6c3b2
156;org.example.data_class.Illustrador$$Lambda/0x000001ef3200e508@48533e64
157;org.example.data_class.Illustrador$$Lambda/0x000001ef3200e508@64a294a6
158;org.example.data_class.Illustrador$$Lambda/0x000001ef3200e508@7e0b37bc
159;org.example.data_class.Illustrador$$Lambda/0x000001ef3200e508@3b95a09c
160;org.example.data_class.Illustrador$$Lambda/0x000001ef3200e508@6ae40994
161;org.example.data_class.Illustrador$$Lambda/0x000001ef3200e508@1a93a7ca
162;org.example.data_class.Illustrador$$Lambda/0x000001ef3200e508@3d82c5f3
163;org.example.data_class.Illustrador$$Lambda/0x000001ef3200e508@2b05039f
164;org.example.data_class.Illustrador$$Lambda/0x000001ef3200e508@61e717c2
165;org.example.data_class.Illustrador$$Lambda/0x000001ef3200e508@66cd51c3
166;org.example.data_class.Illustrador$$Lambda/0x000001ef3200e508@4dcbadb4
167;org.example.data_class.Illustrador$$Lambda/0x000001ef3200e508@4e515669
168;org.example.data_class.Illustrador$$Lambda/0x000001ef3200e508@17d10166
169;org.example.data_class.Illustrador$$Lambda/0x000001ef3200e508@1b9e1916
170;org.example.data_class.Illustrador$$Lambda/0x000001ef3200e508@ba8a1dc
171;org.example.data_class.Illustrador$$Lambda/0x000001ef3200e508@4f8e5cde
172;org.example.data_class.Illustrador$$Lambda/0x000001ef3200e508@504bae78
173;org.example.data_class.Illustrador$$Lambda/0x000001ef3200e508@3b764bce
174;org.example.data_class.Illustrador$$Lambda/0x000001ef3200e508@759ebb3d
175;org.example.data_class.Illustrador$$Lambda/0x000001ef3200e508@484b61fc
176;org.example.data_class.Illustrador$$Lambda/0x000001ef3200e508@45fe3ee3
177;org.example.data_class.Illustrador$$Lambda/0x000001ef3200e508@4cdf35a9
178;org.example.data_class.Illustrador$$Lambda/0x000001ef3200e508@4c98385c
179;org.example.data_class.Illustrador$$Lambda/0x000001ef3200e508@5fcfe4b2
180;org.example.data_class.Illustrador$$Lambda/0x000001ef3200e508@6bf2d08e
181;org.example.data_class.Illustrador$$Lambda/0x000001ef3200e508@5eb5c224
182;org.example.data_class.Illustrador$$Lambda/0x000001ef3200e508@53e25b76
183;org.example.data_class.Illustrador$$Lambda/0x000001ef3200e508@73a8dfcc
184;org.example.data_class.Illustrador$$Lambda/0x000001ef3200e508@ea30797
185;org.example.data_class.Illustrador$$Lambda/0x000001ef3200e508@7e774085
186;org.example.data_class.Illustrador$$Lambda/0x000001ef3200e508@3f8f9dd6
187;org.example.data_class.Illustrador$$Lambda/0x000001ef3200e508@aec6354
188;org.example.data_class.Illustrador$$Lambda/0x000001ef3200e508@1c655221
189;org.example.data_class.Illustrador$$Lambda/0x000001ef3200e508@58d25a40
190;org.example.data_class.Illustrador$$Lambda/0x000001ef3200e508@1b701da1
191;org.example.data_class.Illustrador$$Lambda/0x000001ef3200e508@726f3b58
192;org.example.data_class.Illustrador$$Lambda/0x000001ef3200e508@442d9b6e
193;org.example.data_class.Illustrador$$Lambda/0x000001ef3200e508@ee7d9f1
194;org.example.data_class.Illustrador$$Lambda/0x000001ef3200e508@15615099
195;org.example.data_class.Illustrador$$Lambda/0x000001ef3200e508@1edf1c96
196;org.example.data_class.Illustrador$$Lambda/0x000001ef3200e508@368102c8
197;org.example.data_class.Illustrador$$Lambda/0x000001ef3200e508@6996db8
198;org.example.data_class.Illustrador$$Lambda/0x000001ef3200e508@1963006a
199;org.example.data_class.Illustrador$$Lambda/0x000001ef3200e508@7fbe847c
200;org.example.data_class.Illustrador$$Lambda/0x000001ef3200e508@41975e01
201;org.example.data_class.Illustrador$$Lambda/0x000001ef3200e508@c2e1f26
202;org.example.data_class.Illustrador$$Lambda/0x000001ef3200e508@dcf3e99
203;org.example.data_class.Illustrador$$Lambda/0x000001ef3200e508@6d9c638
204;org.example.data_class.Illustrador$$Lambda/0x000001ef3200e508@7dc5e7b4
205;org.example.data_class.Illustrador$$Lambda/0x000001ef3200e508@1ee0005
206;org.example.data_class.Illustrador$$Lambda/0x000001ef3200e508@75a1cd57
207;org.example.data_class.Illustrador$$Lambda/0x000001ef3200e508@3d012ddd
208;org.example.data_class.Illustrador$$Lambda/0x000001ef3200e508@6f2b958e
209;org.example.data_class.Illustrador$$Lambda/0x000001ef3200e508@1eb44e46
210;org.example.data_class.Illustrador$$Lambda/0x000001ef3200e508@6504e3b2
211;org.example.data_class.Illustrador$$Lambda/0x000001ef3200e508@515f550a
212;org.example.data_class.Illustrador$$Lambda/0x000001ef3200e508@626b2d4a
213;org.example.data_class.Illustrador$$Lambda/0x000001ef3200e508@5e91993f
214;org.example.data_class.Illustrador$$Lambda/0x000001ef3200e508@1c4af82c
215;org.example.data_class.Illustrador$$Lambda/0x000001ef3200e508@379619aa
216;org.example.data_class.Illustrador$$Lambda/0x000001ef3200e508@cac736f
217;org.example.data_class.Illustrador$$Lambda/0x000001ef3200e508@5e265ba4
218;org.example.data_class.Illustrador$$Lambda/0x000001ef3200e508@156643d4
219;org.example.data_class.Illustrador$$Lambda/0x000001ef3200e508@123a439b
220;org.example.data_class.Illustrador$$Lambda/0x000001ef3200e508@7de26db8
221;org.example.data_class.Illustrador$$Lambda/0x000001ef3200e508@1175e2db
222;org.example.data_class.Illustrador$$Lambda/0x000001ef3200e508@36aa7bc2
223;org.example.data_class.Illustrador$$Lambda/0x000001ef3200e508@76ccd017
224;org.example.data_class.Illustrador$$Lambda/0x000001ef3200e508@182decdb
225;org.example.data_class.Illustrador$$Lambda/0x000001ef3200e508@26f0a63f
226;org.example.data_class.Illustrador$$Lambda/0x000001ef3200e508@4361bd48
227;org.example.data_class.Illustrador$$Lambda/0x000001ef3200e508@53bd815b
228;org.example.data_class.Illustrador$$Lambda/0x000001ef3200e508@2401f4c3
229;org.example.data_class.Illustrador$$Lambda/0x000001ef3200e508@7637f22
230;org.example.data_class.Illustrador$$Lambda/0x000001ef3200e508@4926097b
231;org.example.data_class.Illustrador$$Lambda/0x000001ef3200e508@762efe5d
232;org.example.data_class.Illustrador$$Lambda/0x000001ef3200e508@5d22bbb7
233;org.example.data_class.Illustrador$$Lambda/0x000001ef3200e508@41a4555e
234;org.example.data_class.Illustrador$$Lambda/0x000001ef3200e508@3830f1c0
235;org.example.data_class.Illustrador$$Lambda/0x000001ef3200e508@39ed3c8d
236;org.example.data_class.Illustrador$$Lambda/0x000001ef3200e508@71dac704
237;org.example.data_class.Illustrador$$Lambda/0x000001ef3200e508@123772c4
238;org.example.data_class.Illustrador$$Lambda/0x000001ef3200e508@2d363fb3
239;org.example.data_class.Illustrador$$Lambda/0x000001ef3200e508@7d6f77cc
240;org.example.data_class.Illustrador$$Lambda/0x000001ef3200e508@5aaa6d82
241;org.example.data_class.Illustrador$$Lambda/0x000001ef3200e508@73a28541
242;org.example.data_class.Illustrador$$Lambda/0x000001ef3200e508@6f75e721
243;org.example.data_class.Illustrador$$Lambda/0x000001ef3200e508@69222c14
244;org.example.data_class.Illustrador$$Lambda/0x000001ef3200e508@606d8acf
245;org.example.data_class.Illustrador$$Lambda/0x000001ef3200e508@782830e
246;org.example.data_class.Illustrador$$Lambda/0x000001ef3200e508@470e2030
247;org.example.data_class.Illustrador$$Lambda/0x000001ef3200e508@3fb4f649
248;org.example.data_class.Illustrador$$Lambda/0x000001ef3200e508@33833882
249;org.example.data_class.Illustrador$$Lambda/0x000001ef3200e508@200a570f
250;org.example.data_class.Illustrador$$Lambda/0x000001ef3200e508@16b3fc9e
251;org.example.data_class.Illustrador$$Lambda/0x000001ef3200e508@e2d56bf
252;org.example.data_class.Illustrador$$Lambda/0x000001ef3200e508@244038d0
253;org.example.data_class.Illustrador$$Lambda/0x000001ef3200e508@5680a178
